chunk,filename,n_lo,n_hi,rows_written,sha256
0,chunk_000.json,4,10000,4999,a6a29acdb462de51e9134ab266cdc99e38dc09d82e2cad379a4791829d2b4c20
1,chunk_001.json,10002,20000,5000,8d258a0b6848d2a48410ecf140829c3397d41e92ad9654236410c899854f0c14
2,chunk_002.json,20002,30000,5000,e852d43084ababeb55ba8ab5b2eafd126c49dc0ceb9201938ea35a051155e31d
3,chunk_003.json,30002,40000,5000,aa0b0d345944a61eed39c2656d885fa63910d347d39ef96cec78db7c98646c16
4,chunk_004.json,40002,50000,5000,e68e644e04da20389867f4813517fc3c3f2902543ab919599818085cd2cf8ec5
5,chunk_005.json,50002,60000,5000,98e6fe9729f3859ee223f306392e3c84ecce76794dc2c1cd961ddf014ff1fea5
6,chunk_006.json,60002,70000,5000,3a9f814f70834b4b7917fb00b6f27fd5d58826487f24473228ae53d5c5b0cdb1
7,chunk_007.json,70002,80000,5000,63db77e46b4ea6bf87d9de9cd5c74a2c5769730ab6807bd0e46262e543bb69fa
8,chunk_008.json,80002,90000,5000,dddebff10f493408fcfceef7410b16e5c38731d8824c9f99fb30c0ddac9ec5fa
9,chunk_009.json,90002,100000,5000,0e78883f4e68e887cae4dc0c368998c92867bfbc6995620242fa8053446b10d4
10,chunk_010.json,100002,110000,5000,064bf2466070188505ac617be3402f539b5db5f224fc96a132190bad2e90f647
11,chunk_011.json,110002,120000,5000,c9ff568660689a1cc0328d6cc475bd21cd3276b21fbe94d10d7dbfdcd1e9b2a0
12,chunk_012.json,120002,130000,5000,f4e957a7fe2014d5fc5d461f7460e813dd58c9c5c90f7e5c4348a53ae2767bd2
13,chunk_013.json,130002,140000,5000,57ac00799ab751879610d350cbee1ec19f3cbe1691ad8a713bafe4b5023b8873
14,chunk_014.json,140002,150000,5000,8cf9aa3c89e6604102affccee9fa9b31090d48f211531979d52fd0ccc16c2c01
15,chunk_015.json,150002,160000,5000,540de1a864ecff703a338c41f41287b82d33af13c5f979c967bf94119ba018a6
16,chunk_016.json,160002,170000,5000,dee0fc0af880770c3745ec0945ac7c56a1034c5e26ffa40e702aa0bc09697ea2
17,chunk_017.json,170002,180000,5000,eb2be603c87ea9e45879f0e38abc23d0f87d160f1b1553e225bb698cd1596f2e
18,chunk_018.json,180002,190000,5000,7c5e37ef0c1ebbfd2434a467de0765c02c008e2d45704c2920035243df0dc585
19,chunk_019.json,190002,200000,5000,39831c550f1a617e2c2faed98e71d353c2047ff5eb9fdd5b507e861cbf084828
20,chunk_020.json,200002,210000,5000,f98289d997d2a6f2ba635d42ab130e17f081ab3f41ea554eba664d5a4caed00d
21,chunk_021.json,210002,220000,5000,b548ba335388041f101e91892c0eb71589a6ef6ada6b56362b67fe54521d354f
22,chunk_022.json,220002,230000,5000,a34ca79a9151248713461d5839eee71fe4151930db22e07f3c39bc6ec41db4a3
23,chunk_023.json,230002,240000,5000,70063d5b4a04ba8cf60d12aacad8e18b8ee15a65c0a132555f594bdadddb7f19
24,chunk_024.json,240002,250000,5000,d6574b04f242f19de67fe9f9cd2b418a3dab2c424ef1a7513957bd4e67f45633
25,chunk_025.json,250002,260000,5000,f249f4e2da073cfe1af142d14170278e708dba4699cb7fda427c8d521f17fadf
26,chunk_026.json,260002,270000,5000,4431477e2a695728ac2c8cf6d15498a0416bef35b9e0a4b5e36501f6f0f48296
27,chunk_027.json,270002,280000,5000,370c3bcf20df52d154fba0acbbe5eef9fc62c3da10463d53137171876444c95a
28,chunk_028.json,280002,290000,5000,ab23ddcc8a3ff6f56c711f99f369a2ccdccbbf85fe3f20bb37cf1edc692f2ae9
29,chunk_029.json,290002,300000,5000,de7dd53f13071a968ee73359bff62faf3edbe00b0afdcf7b83c0d5d837117ed9
30,chunk_030.json,300002,310000,5000,f1186dcbb6b87dae3797d7e8e5af2c06ab5ec7ac84747b24ecc1ea45963fa436
31,chunk_031.json,310002,320000,5000,2619e76715d1c3d4d56fec7ed4ae1dc88e4b069bfe501e0797b70b47dbc1cfe8
32,chunk_032.json,320002,330000,5000,2506ebef14b38b87216df10792242bb8096787541388ca874a20ec591e343f93
33,chunk_033.json,330002,340000,5000,c928ea0fe693ba876701a71f304c546ab87fdb7441284ddcd3103d4d1c58b4ec
34,chunk_034.json,340002,350000,5000,bbca033ac6bb815e82199ec90683774f81e46d3a2f2c32aba7d651025b6d5ce3
35,chunk_035.json,350002,360000,5000,0df08fad622643d7eeb402f411b1c2d70c4290e1bce04ce242b72be048ebd708
36,chunk_036.json,360002,370000,5000,cec62811816fec71b90953121afff5aa4d4db2845aace19e8485549fc94be1a4
37,chunk_037.json,370002,380000,5000,44cf0d3c40461630bf7e1192c53eace010c440fc91029e14ce44cbc0344638d0
38,chunk_038.json,380002,390000,5000,3a38eba75a49e07f104b22f3fabd4ad5c7160ceb7a0780fa6a20603e8b811a21
39,chunk_039.json,390002,400000,5000,483b26fd3755bedc6017fe0a4b6016e215b79fa2ddc72bf3bb60de1318685369
40,chunk_040.json,400002,410000,5000,d5e7aa7acc146b45b36e25ba5df01ef74a1648684242950d572e4ce2581f3455
41,chunk_041.json,410002,420000,5000,c850a2cbd010a481a199e44353d480c5dcc0b3c7d167c56d5f44bd68d8821460
42,chunk_042.json,420002,430000,5000,775c5f94dfbea9f8bc166d851fc3da86a61044ccd89ec702a486bb2be66bab8b
43,chunk_043.json,430002,440000,5000,ac93a42340d290fa24f788f082e6140707c39c10a6f603b7b364191ef7b643fb
44,chunk_044.json,440002,450000,5000,fab3a2a0d9e6b8e22e08b422d83f150b1047585c6855884ed1992872fe8c0dfd
45,chunk_045.json,450002,460000,5000,45895201285133936bb4eabb82ea94088232b83a3341bf06a044322a07560dcf
46,chunk_046.json,460002,470000,5000,0efed2dc2525afbf62bf70f010f413b8af2e526b1392583074f0dcefec3050dc
47,chunk_047.json,470002,480000,5000,21e571aeac2088627b076ee11462fc27db5537d5a82e82d810a7b611acfa9616
48,chunk_048.json,480002,490000,5000,8a41844399b11a560bb9a125f1b38a0d0cdc8ef834d1bf172630882c487402f3
49,chunk_049.json,490002,500000,5000,0cd85e5822ef38e7e6e3a6db7cecbae857ce9ad971ae020d1e21fa5f39522dee
50,chunk_050.json,500002,510000,5000,c4191e3fb81caa03fefe50540bfc1c812ee90eed650d52dbc4437ec8c4a7ff99
51,chunk_051.json,510002,520000,5000,1ac5e30d7de773f8e9b418b6b8e42733a9c1ed0d82b45fface144c7f08a311a3
52,chunk_052.json,520002,530000,5000,897e6c8f43b6d1a1279d7d437cc2a10c1992198ffe2b2af69242ea5582f3909e
53,chunk_053.json,530002,540000,5000,0869bccb9e8a10400bf3d30fd7068f1bd3698e532390e5026da0a742243c9520
54,chunk_054.json,540002,550000,5000,ccdcbc73d02d0c3e00ff8c526e2e13e61d2578f1192ed9ccc9481bca920ab400
55,chunk_055.json,550002,560000,5000,03905e41686032ffe2eba148e14fecf48c3a53b66e09f906976c0b867addb06e
56,chunk_056.json,560002,570000,5000,b1beca528e8c730eac2d59deff3166839cf40cbb996a3f32db1d67697039bbc2
57,chunk_057.json,570002,580000,5000,bc9271fcb3c7d5226fc2d2fcca9557661139aa118f72cee55ef2b8201e0c8cfd
58,chunk_058.json,580002,590000,5000,909df3fccd4e1574a38d9bbcae1ca46c11dc45fdb55a5ee286c2bcfd1ff30a78
59,chunk_059.json,590002,600000,5000,159fc8bad1a16ac0c1ea98c5ef2ee3071b1e865e2a286482c5c354acf434bb42
60,chunk_060.json,600002,610000,5000,d8cc3cf9f5db7f81a1e816e6ae70fd0e0c4d4a74fccc3ec6ac5afa82f1446e95
61,chunk_061.json,610002,620000,5000,7f2ccb0174259ea385df9aa6ea82d5612ddcdc5137d420bca24c89fc1cfb82b1
62,chunk_062.json,620002,630000,5000,7ef32cbc1259cf928a125b0036447865f7053bf1114f8176332a20061191fd5c
63,chunk_063.json,630002,640000,5000,4b2f32f99c025c1b3f35c9cfc0366fdfe8a71f76ad1b99666ff34160324ffcfa
64,chunk_064.json,640002,650000,5000,6255ff4756acd7c8780f5b3f9bdcd0881c52817ed76436e41e9c5c576da55c15
65,chunk_065.json,650002,660000,5000,c01205f6fa580d2523db26684c1f5fc776d6bd47d68042ec2b08492668ee552f
66,chunk_066.json,660002,670000,5000,cb6e64899a951d5d7365a8802758b2670a5de3aa0ff86c0ce4bdb64939ae6d44
67,chunk_067.json,670002,680000,5000,8b0ff1f698230063b40e73d2e55c7562e4466c8fd163a717c2363cf5b70c8ca1
68,chunk_068.json,680002,690000,5000,36f9a3355deb77fbdd9a576a6829847a9a88b30a247458d860023aca016fb72f
69,chunk_069.json,690002,700000,5000,d0de925454578f3038772f690f939f5c9658c3f05b02dea504bddc78914f08c0
70,chunk_070.json,700002,710000,5000,b92c0984ab204f81b007a7150c8dd09ec6c1ffb5baba58d0729b06efb9d1afc6
71,chunk_071.json,710002,720000,5000,b2c53eefa1d7edc8eb909103d94ec0e56973ae90d21e164fe51dd155653793ba
72,chunk_072.json,720002,730000,5000,2b1a0ca6bfdae6f8a88ce34c72d69750468e2a2b6e577dbffd4be5758fc86135
73,chunk_073.json,730002,740000,5000,907ed54c87ae50ed07b36b6409b75adb6986cd0ec1043a6d4f59910228aeaf3f
74,chunk_074.json,740002,750000,5000,9d52180bad81731e9c7e8e529f542c41b3ebf85247571cff53dfa4792c6693b1
75,chunk_075.json,750002,760000,5000,39f93fcbfda2ea46f88cb4114ef5ea03e794628142b6413e184f645562e488b7
76,chunk_076.json,760002,770000,5000,0163ce2c2abb2da41fbd2873a24a6c5cfbd87598af16abc77f5f7d9b842e6169
77,chunk_077.json,770002,780000,5000,79a373d226ac8fb2131c3fb89fa1ebd00650f7adad7e0b6a35a4a11dfac1c35f
78,chunk_078.json,780002,790000,5000,142c19836462d759835a13f4ecde911fd827b406b4cc92576fa8037e77b2d05a
79,chunk_079.json,790002,800000,5000,ef715a2c7549b3c98e67a2f612a9ad1708c6df8ac5312cf550c575895e710573
80,chunk_080.json,800002,810000,5000,7368325e45c25fc7cfdcd2b1de7598ad0c1be39504c96d152647dedf711e5a7f
81,chunk_081.json,810002,820000,5000,cd647a1076fcaf81153add5656baabb0f23567042d723d6bddb4b00a229859a6
82,chunk_082.json,820002,830000,5000,25b71f31bf217c9dd1a364e11148bafdabfd85e283a508e4a5da7883428620b1
83,chunk_083.json,830002,840000,5000,ab7b2f15cd46eab2b032cc8b02479cc27b55f49dd3975df5d6f54d80f46d18f8
84,chunk_084.json,840002,850000,5000,93e7e3ec9043fe247a3edd8d0c0e8b20b30e7e6b0a6b54bdbcfdfe0d8dc736ff
85,chunk_085.json,850002,860000,5000,83a8dd18f55176f84a81a6f523a2d9d327b8478302636c3193480c11c3b25718
86,chunk_086.json,860002,870000,5000,7e793807e11b9d9b004b8f5c5b540eb02dd873c2c1ffd565856ef9e397a1358b
87,chunk_087.json,870002,880000,5000,a6beeacc15130d24c323f5cf3509a8a3c9942f8475e3ac72e14f82de8c933a64
88,chunk_088.json,880002,890000,5000,c0e81f80b11fab33558f5429ff101468877a9f4ace81b4ec11e3d19a7d3f3285
89,chunk_089.json,890002,900000,5000,9348aa9afd6dad771c9cf1f581b4b2f0df9111f563aaa2e2864f722957ab995f
90,chunk_090.json,900002,910000,5000,5ed5a4c5ce13904579130d9e52bfb61542a40872ed3d0c85c892f30ba6b5ae9d
91,chunk_091.json,910002,920000,5000,0aa6120a4bd9910c4b652c97d25a3180eb2d1cb3b878de3af11deb4add6f3fc7
92,chunk_092.json,920002,930000,5000,3a3ad72e07bd076050ccea7bf6658cf35f39c701d8b37e7a73dc861afd09dfa3
93,chunk_093.json,930002,940000,5000,99d152c7baa97cb972a05017b71c63ed9f1da52db766970449030e4891531dcb
94,chunk_094.json,940002,950000,5000,c590aeac2d5cb6480062a4c7edecfb26762fd17600e8d0722a4847e76b86e538
95,chunk_095.json,950002,960000,5000,683da5180944a247e04e0aa3c3db5eb2f1edaf0806a014a0d6fdaa8c380146da
96,chunk_096.json,960002,970000,5000,48495af3cedfb06cb4fae4dc3ee8e011cb230cf068ba48c06ba644ac1f1050d5
97,chunk_097.json,970002,980000,5000,967ea33cae8693b6c98002f566079f434e4094c4d8c746278a9e56ce8c6a3c36
98,chunk_098.json,980002,990000,5000,2991991af3ad8046e87c1ee93199afeef1da21c6f8985088a3ea3c4fe700eeaa
99,chunk_099.json,990002,1000000,5000,d1699433e1b31f7dfebabd87bebd097528f2426284ff0bde636abad94d2688ae
